{"cameraMode":{"drawMode":0,"name":"Shaded","section":"Shading Mode"},"sceneLighting":false,"audioPlay":false,"sceneViewState":{"m_AlwaysRefresh":false,"showFog":true,"showSkybox":false,"showFlares":true,"showImageEffects":true,"showParticleSystems":true,"showVisualEffectGraphs":true,"m_FxEnabled":true},"in2DMode":false,"pivot":{"x":-0.043520256876945499,"y":-0.07289774715900421,"z":0.11226579546928406},"rotation":{"x":0.13782981038093568,"y":-0.5026966333389282,"z":0.08154052495956421,"w":0.8496933579444885},"size":0.8646413683891296,"orthographic":false}